correo,colegio,calendario,comuna,telefono
liceonuevafloresta@hotmail.com,liceo nueva floresta,A,comuna 12,3104700907
instecalima@yahoo.es,instituto calima,A,comuna 4,3104992078
institutolarivera@hotmail.com,instituto la rivera s.a.s,A,comuna 5,6024461130
santa_rosa04@hotmail.com,instituto tecnico comercial santa rosa,A,comuna 13,4451641
rector.jp2@arquidiocesanos.edu.co,colegio arquidiocesano juan pablo ii,A,comuna 20,6024850227
colsajarcobertura@gmail.com,colegio santa juana de arco,A,comuna 6,4861253
col.compartir@arquidiocesanos.edu.co,colegio compartir,A,comuna 21,3165288959
liceoscj@gmail.com,liceo sagrado corazon de jesus,A,comuna 21,3164754721
colomboirlandes@hotmail.com,liceo colombo irlandes,A,comuna 21,4013789
colegiosancayetanocali@gmail.com,colegio san cayetano,A,comuna 21,6639202
liceocalimiodesepaz@gmail.com,liceo calimio desepaz,A,comuna 21,6025214688
fepsol@hotmail.com,colegio puerta del sol,A,comuna 14,3042920744
rectoriapuertadelsol@gmail.com,colegio puerta del sol,A,comuna 14,3042920744
itecnorte@hotmail.com,instituto tecnico comercial del norte,A,comuna 6,3154524302
sanjoaquin@arquidiocesanos.edu.co,colegio parroquial san joaquin,A,comuna 16,3136359047
licolamilagrosa@yahoo.es,liceo comercial la milagrosa,A,comuna 13,3206725937
funcolsihlopez@arquidiocesanos.edu.co,colegio santa isabel de hungria sede alfonso lopez,A,comuna 7,3176652858
rectoriaremansosdecomfandi@gmail.com,instituto remansos de comfandi,A,comuna 21,3042920744
cjuvenildelsur@gmail.com,colegio tecnico juvenil del sur,A,comuna 18,3206836852
colvidanuevawqo@gmail.com,colegio vida nueva,A,comuna 13,3154988306
colpana70@hotmail.com,colegio panamericano,A,comuna 13,3232225270
ces-1982@hotmail.com,centransversalo educativo sebastian de belalcazar,A,comuna 4,6024462854
col.mab@hotmail.com,colegio miguel angel buonarrotti,A,comuna 4,3205304998
funsacecolombia2023@gmail.com,centransversalo docente santiago de cali no 3,A,comuna 5,3027985230
colegioelhogar@hotmail.com,colegio el hogar,A,comuna 18,3006079062
itscyc.sas@gmail.com,instituto tcnico en sistemas caro y cuervo,A,comuna 15,3117218795
colegiocristianoamorypaz@hotmail.com,colegio carreraistiano amor y paz,A,comuna 15,3152007605
maxseidel@hotmail.com,instituto max seidel 1,A,comuna 14,3225188025
sanmiguel.direccion.general@gmail.com,liceo san miguel,A,comuna 14,3166424749
liceosantacatalina2009@hotmail.com,liceo santa catalina laboure,A,comuna 11,3187304918
payan_65@hotmail.com,colegio mixto carlos payan,A,comuna 13,3183234563
secretariatercermilenio@gmail.com,liceo mayor mixto tercer milenio,A,comuna 16,3182765308
institutoeducativoser@gmail.com,instituto educativo ser,A,comuna 14,3154004851
administracion@colegiotecnicoinprovacc.edu.co,colegio tcnico inprovacc,A,comuna 5,6024469838
secretaria.academica@clan.edu.co,colegio los angeles del norte de occidente,A,comuna 2,3106454541
info@acamilcayzedo.edu.co,academia militar joaqun de cayzedo y cuero,A,comuna 22,5553166
lorza78@hotmail.com,instituto elizabeth lorza,A,comuna 20,3176429919
institutoserdiamante@hotmail.com,instituto ser internacional diamante,A,comuna 13,3013718348
liceo_manuela@hotmail.com,liceo manuela beltransversalan 2,A,comuna 21,3427420
colegiogracecali@gmail.com,colegio grace,A,comuna 20,3173581865
yizfred@hotmail.com,colegio yizfred,A,comuna 16,3176443882
institucionnacionalebenezer@hotmail.com,instituto nacional ebenezer,A,comuna 15,3152777274
institutolopez1985@gmail.com,instituto lopez,A,comuna 13,4279383
institutolopez@hotmail.com,instituto lopez,A,comuna 13,4279383
colegioanderssonecheverry@hotmail.com,liceo andersson echeverry,A,comuna 6,3232861276
echeverrygalo@gmail.com,liceo andersson echeverry,A,comuna 6,3232861276
etnoeducativo.edu@gmail.com,centransversalo etnoeducativo antonio maceo pizamos 1,A,comuna 21,3128728397
colrepublicadelsalvador@hotmail.com,colegio repblica del salvador,A,comuna 16,3455830
serinternacionalnorte@hotmail.com,instituto ser internacional norte,A,comuna 2,3226581386
instvozdepazpaz@gmail.com,instituto educativo voz de paz,A,comuna 12,3153573275
colfami2@hotmail.com,colegio la sagrada familia,A,comuna 4,4463066
colfeyesperanza@hotmail.com,colegio fe y esperanza mision panamericana,A,comuna 9,3125248353
escueladelatrinidad@hotmail.com,escuela de la transversalinidad,A,comuna 19,3185483165
fundafrayluis@gmail.com,colegio fray luis ferrer,A,comuna 6,4335894
colegiolapiedad22@gmail.com,colegio la piedad,A,comuna 15,3148636454
marcla77@hotmail.com,instituto colombiano de bachillerato,A,comuna 18,3226828635
liceoladivina@gmail.com,liceo la divina providencia,A,comuna 18,3218720490
avalmo55@hotmail.com,colegio tecnico comercial dana maria paz amor y justicia,A,comuna 14,3148615907
coljosepardolopez@gmail.com,colegio micarreraoempresarial jos pardo lpez,A,comuna 1,3011441547
centraldecomercio@hotmail.com,instituto centransversalal de comercio y bachillerato,A,comuna 18,3158211514
liceosuperiorsteven@hotmail.com,liceo superior steven,A,comuna 14,3163247115
colegiosantalucia1982@hotmail.com,colegio santa lucia,A,comuna 13,3174518626
alfonso.lopez@cea.edu.co,corporacion educativa adventista c.e.a,A,comuna 7,3183228852
coljohannesgutenberg@yahoo.es,colegio johannes gutenberg,A,comuna 14,6025222368
copemopi@hotmail.com,colegio mixto pedro morales pino,A,comuna 13,3042334256
funsantaines@gmail.com,liceo santa ines-andes,A,comuna 21,3186013196
institutoangelesdedios@hotmail.com,instituto los angeles de dios,A,comuna 14,3206862323
cdesarrollocomunitario2022@gmail.com,liceo mixto emperador de cali sede 1,A,comuna 14,3168323850
info@cea.edu.co,corporacion educativa adventista- c.e.a,A,comuna 19,5529457
liceocolombiajoven2020@gmail.com,liceo colombia joven,A,comuna 18,3184006769
cd.juanramonjimenez@outlook.com,centransversalo docente juan ramon jimenez,A,comuna 14,3797661
academicoelpoblado@gmail.com,colegio academico el poblado,A,comuna 13,3105045896
fundalps@gmail.com,liceo pedaggico suroriental,A,comuna 13,3103830697
insacalicol@gmail.com,instituto nuestransversala seora de la asuncion,A,comuna 7,3157840414
coltesoro@gmail.com,colegio el tesoro del saber,A,comuna 1,3174709171
ceterranova2011@hotmail.com,centransversalo educativo terranova,A,comuna 21,3186001844
fund.edu.ordenylibertad@gmail.com,liceo el futuro de los nios,A,comuna 14,4042087
mayordelnorte@yahoo.es,colegio mayor del norte,A,comuna 6,3214434093
colegenis@hotmail.com,genios del saber,A,comuna 14,3160694768
liceojcolombia@hotmail.com,liceo juvenil colombia,A,comuna 13,3173774216
liceo-comercial-santa-lucia@hotmail.com,liceo comercial santa lucia,A,comuna 15,3142131930
tecjuvenil@gmail.com,instituto tecnico juvenil del valle,A,comuna 21,3155967530
liceomelvinjones@hotmail.com,liceo melvin jones,A,comuna 21,3168697089
lmelvinjones94@gmail.com,liceo melvin jones,A,comuna 21,3168697089
rectoria@colegiodivinosalvadorcali.edu.co,colegio parroquial divino salvador,A,comuna 18,3245038
niampira4143@gmail.com,liceo comercial santiago niampira,A,comuna 15,3232345264
institutocomercialsantomas@gmail.com,instituto comercial santo toms,A,comuna 21,3183813192
colegiotecnicosansebastian2@gmail.com,colegio tcnico san sebastian n2,A,comuna 21,6023830216
liceocanaveral@hotmail.com,liceo caavenidaeral de occidente,A,comuna 20,6025528073
colegiolavictoria@hotmail.com,centransversalo docente la victoria,A,comuna 14,3225410792
colegiodivinae@gmail.com,colegio la divina enseanza,A,comuna 12,3242134542
coisac2010@gmail.com,colegio internado san carlos,A,comuna 8,3113010797
colegiomixtoluzyvida12@gmail.com,colegio mixto luz y vida,A,comuna 15,3105789137
cureydereyes@hotmail.com,instituto tecnologico rey de reyes ii,A,comuna 15,6024042087
institutoeducativoalfa@hotmail.com,instituto educativo alfa,A,comuna 15,3218039950
arangoycuero1@hotmail.com,asociacion educativa colegio arango y cuero,A,comuna 14,3225197456
mixto.82920@yahoo.es,liceo mixto las lajas,A,comuna 14,6023068946
limecvirtual@gmail.com,liceo mixto emperador de cali 2,A,comuna 14,3183835230
colherca@hotmail.com,colegio hernando caicedo,A,comuna 16,3047770
liceocomercialsanjuanapostol@gmail.com,liceo comercial san juan apostol,A,comuna 14,316 5382651
ljr1330@hotmail.com,liceo juvenil el rodeo,A,comuna 12,3196618386
gosar1012@hotmail.com,liceo moderno ciudad de cali,A,comuna 7,6026626073
brillantejuventud@yahoo.com,liceo brillante juventud,A,comuna 4,317 6694228
colegioliceosanjosecali@gmail.com,liceo san jos,A,comuna 6,3117028719
colegioempresarialm@gmail.com,colegio empresarial moderno,A,comuna 1,3104282835
hawer@fundacionable.org,colegio la fontaine lido,A,comuna 19,3184111960
institutotecnologiolossabiosde@gmail.com,instituto tecnologico los sabios del futuro,A,comuna 14,6023926772
inscacomercial@hotmail.com,instituto nuestransversala seora del carmen,A,comuna 6,6024035358
colegioprincipedepazcali@gmail.com,principe de paz,A,comuna 16,3148111081
institutotecnicofuturoprofesional@hotmail.com,instituto tcnico futuro profesional,A,comuna 16,3158455969
emperadordecali@hotmail.com,liceo mixto emperador de cali,A,comuna 14,3063701
colsajarco@hotmail.com,colegio santa juana de arco,A,comuna 7,3202659157
frayluisamigo@feyalegria.org.co,colegio fe y alegria fray luis amig,A,comuna 14,3108417813
funcolparroquialorquideas@arquidiocesanos.edu.co,colegio parroquial san francisco javenidaier,A,comuna 14,3103504096
colegio_coop_nsr@hotmail.com,colegio cooperativo nuestransversala seora de los remedios,A,comuna 11,3451490
colegio.cng@hotmail.com,colegio comunal nueva granada,A,comuna 10,3162561815
cecot2008@hotmail.com,centransversalo educativo comunitario omar torrijos,A,comuna 13,6024850093
granjaescuelapsab@gmail.com,granja escuela nueva pbro. sebastian aldom bonjoch - miravenidaalle,A,comuna 54,6025512262
ffudecafro@gmail.com,instituto politecnico comuna 21,A,comuna 21,3117717343
colegio-fer@hotmail.com,colegio francisco eladio ramirez,A,comuna 14,3225186874
andrestefani92@gmail.com,colegio francisco eladio ramirez,A,comuna 14,3225186874
itlatinoamericano2020@gmail.com,instituto tecnico latinoamericano,A,comuna 14,6023860211
colegiolaspalmas@hotmail.com,colegio las palmas,A,comuna 13,6025215490
amor_y_ciencia@yahoo.com,colegio amor y ciencia,A,comuna 13,6026633696
cdpsanmarcos@arquidiocesanos.edu.co,centransversalo docente parroquial san marcos,A,comuna 6,3164201212
itimep2020@gmail.com,instituto tcnico ustransversalial manuel elkin patarroyo,A,comuna 21,3045248390
fundacionemanuel.proyectos@gmail.com,instituto pedagogico emanuel,A,comuna 16,3002427866
liceorenacerc14@hotmail.com,liceo etno educativo comunitario renacer,A,comuna 14,3154346786
cotjuvalle@hotmail.com,colegio tecnico juvenil del valle,A,comuna 13,4374904
colrichardbach1988@gmail.com,colegio richard bach,A,comuna 13,3104380772
lisuvalle3@gmail.com,liceo superior del valle no.3,A,comuna 6,6023062592
sigloxxicalidad@gmail.com,instituto tecnico ustransversalial y comercial siglo xxi,A,comuna 21,3005525643
coldantealiahieri@hotmail.com,colegio dante alighieri,A,comuna 14,3152835741
bartolomecarlos@gmail.com,centransversalo docente bartolome mitransversale,A,comuna 14,4021876
fundapigmalion@hotmail.com,liceo pigmalion,A,comuna 14,3117538934
colegiosantacruz20@gmail.com,colegio santa carrerauz,A,comuna 14,3148636454
centrodocenteliceomarisol2@gmail.com,centransversalo docente liceo marisol,A,comuna 14,3118926115
santainesvallegrande@gmail.com,liceo santa ines vallegrande,A,comuna 21,3157671016
cei_luismadina@hotmail.com,centransversalo educativo ustransversalial luis madina,A,comuna 18,3120038
glineslopez@yahoo.es,instituto de bachillerato tecnologico daniel gillard,A,comuna 16,3195497019
liceomixtolamilagrosa@hotmail.com,liceo mixto la milagrosa,A,comuna 15,3164394506
lisuvallecolegios@gmail.com,liceo superior del valle,A,comuna 15,3108336046
reydereyes@hotmail.com,colegio orden y libertad,A,comuna 14,3148636454
cristianosion@hotmail.com,centransversalo educacional carreraistiano sion,A,comuna 13,4042086
bolivarianainteractivo@gmail.com,colegio comunitario tecnico ustransversalial unidad bolivariana,A,comuna 13,3044302287
fundacionporlapazsamaleon@gmail.com,colegio tecnico comercial san marcos de leon,A,comuna 13,4374258
colegionsprovidencia@gmail.com,colegio nuestransversala seora de la providencia,A,comuna 13,3017881766
colegiotecnicosansebastian@hotmail.com,colegio tecnico san sebastian,A,comuna 8,3187126126
col.gepah.cali@gmail.com,colegio general pedro alcntara herrn,A,comuna 6,3147583416
celdavinci@celdavinci.edu.co,centransversalo educativo leonardo da vinci,A,comuna 15,3016222810
icetmarroquin@gmail.com,instituto de educacion tecnica icet,A,comuna 14,3165281708
centroeducativoalfayomega1998@gmail.com,centransversalo educativo alfa y omega,A,comuna 14,6023574285
funvoluntaddedios@yahoo.es,instituto tcnico rj del saber,A,comuna 13,4052754
fenmandela2020@gmail.com,fundacion escolar nelson mandela,A,comuna 21,3136171569
cejuancarlosgarzon@gmail.com,centransversalo educativo juan carlos garzon,A,comuna 21,3213537146
liceocerrosdelvalle@gmail.com,liceo cerros del valle,A,comuna 20,3217922165
icit64@gmail.com,instituto comercial ustransversalial y tecnologico icit,A,comuna 18,3173683264
colegiociudadcordoba@hotmail.com,colegio ciudad crdoba,A,comuna 15,3731398
fucomabe2007@hotmail.com,colegio comunitario fucomabe,A,comuna 14,3168599483
centralmadrid2008@hotmail.com,colegio centransversalal madrid,A,comuna 13,4042087
rectoria@liceoporvenir.edu.co,liceo porvenir sede poblado ii,A,comuna 13,3152876127
secretaria.general@corpoedu.edu.co,corporacin educativa popular liceo de la amistad,A,comuna 1,3044864891
santotomas_phr@hotmail.com,instituto tecnico comercial santo tomas,A,comuna 21,4030111
internosantotomas@gmail.com,instituto tecnico comercial santo tomas,A,comuna 21,4030111
inmode12@yahoo.es,instituto moderno desepaz,A,comuna 21,3154663617
institutomoderno@gmail.com.co,instituto moderno,A,comuna 18,3301340
colegiolapaz14@hotmail.com,colegio nuestransversala seora de la paz,A,comuna 14,4042087
lucelly40@gmail.com,colegio nio jesus de praga,A,comuna 14,3127761895
lifaranorte22@gmail.com,liceo farallones del norte,A,comuna 6,3163566399
colegiopolitecnicosiglo21@hotmail.com,colegio politecnico siglo xxi,A,comuna 18,3108487003
liceojuancamilo@gmail.com,liceo juan camilo,A,comuna 14,3184524370
liceonapolitano@yahoo.com,liceo napolitano,A,comuna 8,6024013379
colegsenderodelfuturo@hotmail.com,colegio el sendero del futuro,A,comuna 13,3208009
centecrectoria@gmail.com,centransversalo de educacion en tecnologia centec - crdoba,A,comuna 15,3184828637
liceosan@hotmail.com,liceo san antonio,A,comuna 8,3017284941
emperadortres3@gmail.com,liceo mixto emperador de cali sede iii,A,comuna 21,6023411264
colnuevoeden1@gmail.com,colegio nuevo eden,A,comuna 10,3234297533
fundecce@gmail.com,colegio cultural enmanuel,A,comuna 14,3164756752
fundaospina@gmail.com,liceo mis primeros transversaliunfos,A,comuna 15,4363612
americaliceo2@gmail.com,liceo las americas,A,comuna 14,6023995234
liceomodernolosrobles@gmail.com,liceo moderno los robles 2,A,comuna 13,3148344331
lliceonera@hotmail.com,liceo nueva era,A,comuna 15,3162565604
arizalanazareno2011@hotmail.com,colegio mixto jesus de nazareno,A,comuna 15,3174860726
tanajenny@hotmail.com,centransversalo educativo camino hacia el futuro,A,comuna 14,4019765
colegiocastell1@yahoo.com,colegio castell,A,comuna 18,3183693084
haibortiz@gmail.com,fundacion educativa jesus de nazareth,A,comuna 19,3155409396
nestor.acevedo@aspaen.edu.co,aspaen colegio juanamb,B,comuna 22,6025551170
harold.villamil@aspaen.edu.co,aspaen colegio juanamb,B,comuna 22,6025551170
colsjchampagnat.cali@css.org.co,colegio san jose - champagnat,B,comuna 19,5140708
secretaria@sagradafamilia.edu.co,colegio de la sagrada familia,B,comuna 22,3137197112
convivencia@sagradafamilia.edu.co,colegio de la sagrada familia,B,comuna 22,3137197112
info@liceobenalcazar.edu.co,liceo benalcazar,B,comuna 2,8931402
vilma.lucio@aspaen.edu.co,aspaen liceo tacur,B,comuna 22,3003961398
registroacademico@ciudadelapresentacion.edu.co,colegio ciudadela educativa la presentacin,B,comuna 52,3182801603
directivascolegiohermanomiguel@gmail.com,instituto tecnico hermano miguel,B,comuna 3,602 4008654
coordinacionict15@gmail.com,instituto camilo terreros,B,comuna 6,3152106034
colegiotcmos@gmail.com,centransversalo docente tomas cipriano mosquera,B,comuna 17,6023323789
csam-cali@hotmail.com,colegio san alberto magno,B,comuna 9,6023707171
info@colegiolaconsolacioncali.edu.co,colegio nuestransversala seora de la consolacion,B,comuna 17,3904863
cosfacali@cosfacali.edu.co,colegio san francisco de asis,B,comuna 8,3165292210
funcolsihc2000@arquidiocesanos.edu.co,colegio santa isabel de hungria - ciudad 2000,B,comuna 16,3165260723
colegiomiraflores@comfandi.com.co,colegio comfandi miraflores,B,comuna 19,316 513 4295
secrescolegiomiraflores@comfandi.edu.co,colegio comfandi miraflores,B,comuna 19,316 513 4295
linabravo@comfandi.com.co,colegio comfandi miraflores,B,comuna 19,316 513 4295
colegionuevosalomia@hotmail.com,colegio nuevo salomia,B,comuna 5,6024474830
mayoralferezreal@yahoo.com,colegio mayor alferez real,B,comuna 22,3128197474
incoval2005@hotmail.com,instituto comercial del valle incoval,B,comuna 19,3124298642
paholaovejitas@gmail.com,jardin infantil mis ovejitas,B,comuna 11,3714030
iegalileogalilei@hotmail.com,instituto educativo galileo galilei,B,comuna 5,3156434962
cmsv2006@hotmail.com,colegio mixto san vicente,B,comuna 4,3022529184
s.academica@coldianaoese.edu.co,colegio bilingue diana oese,B,comuna 54,3176482091
secretarialawrencekohlberg@hotmail.com,colegio mixto lawrence kohlberg,B,comuna 17,311 3302117
institutoestanislaozuleta2019@gmail.com,instituto estanislao zuleta,B,comuna 7,3146030721
sacademicalosandessf@gmail.com,colegio los andes san fernando,B,comuna 19,6025240274
cedo.santaanita.edu@hotmail.com,centransversalo docente santa anita,B,comuna 19,3122130788
institutograncolombia08@gmail.com,instituto gran colombia,B,comuna 13,3206131850
colbilwas@hotmail.com,colegio bilingue washington,B,comuna 22,3160489854
colegioreyescatolicoscali@gmail.com,colegio reyes catolicos,B,comuna 17,3727330
li-pana@hotmail.com,instituto ipana,B,comuna 14,3216272995
colegiolosangelessanfernando@gmail.com,colegio los angeles de san fernando,B,comuna 19,3205476060
institutoserinternacionalsur@hotmail.com,instituto ser internacional,B,comuna 17,3107428387
mocaro47@gmail.com,colegio tecnico y militar almirante colon de cali,B,comuna 5,3147584160
rectoria@colegiomilitaralmirantecolondecali.edu.co,colegio tecnico y militar almirante colon de cali,B,comuna 5,3147584160
cmcp.1963@gmail.com,colegio miguel camacho perea,B,comuna 4,316 8658614
colegiocread@gmail.com,colegio carreraead,B,comuna 11,3107862075
institutocolombia1@gmail.com,instituto colombia,B,comuna 3,3505910544
escuelamaternalmigranmundo@hotmail.com,escuela maternal y jardin infantil mi gran mundo,B,comuna 2,3165205028
mcaceres1214@gmail.com,colegio mayor san francisco de asis,B,comuna 22,3158425622
angelmator@hotmail.com,colegio mayor san francisco de asis,B,comuna 22,3158425622
mattyliceo@gmail.com,liceo carlos castransversalo saavenidaedra,B,comuna 10,6023356264
organizacional@berchmans.edu.co,colegio berchmans,B,comuna 22,3176699082
rectoria@colrosariocali.edu.co,colegio nuestransversala seora del rosario,B,comuna 22,6025551137
colmarianitascali@yahoo.es,colegio santa mariana de jess,B,comuna 19,3166005668
secretaria.academica@colegiomarianitascali.edu.co,colegio santa mariana de jess,B,comuna 19,3166005668
rector@fraydamian.edu.co,colegio franciscano de fray damian gonzalez,B,comuna 52,5504413
secretaria@ccau.edu.co,corporacion colegio americas unidas,B,comuna 19,3105305514
corpocau@yahoo.es,corporacion colegio americas unidas,B,comuna 19,3105305514
secretariaacademica@colamer.edu.co,colegio americano,B,comuna 18,3325840
sanluiscali@fmsnor.org,colegio de san luis gonzaga,B,comuna 2,3183305156
convivencia@pioxii.edu.co,colegio franciscano de po xii,B,comuna 22,3185314492
sec.academica@claret.edu.co,colegio san antonio maria callearet,B,comuna 22,5552075
sacademica@lacordaire.edu.co,colegio bilingue lacordaire,B,comuna 18,3126731652
rectora@colegio-stellamaris.edu.co,colegio santa maria stella maris,B,comuna 19,3865780
correo@colegiocoomeva.edu.co,colegio cooperativo coomeva,B,comuna 22,3103747411
secretariaacademica@inglesdelosandes.edu.co,colegio bilinge ingles de los andes,B,comuna 52,3175172455
rectoria@colegioecologicoscout.edu.co,colegio ecologico scout,B,comuna 22,3166913665
nelsonlopezmosquera@gmail.com,colegio ecologico scout,B,comuna 22,3166913665
administracion@colegioekklesia.edu.co,colegio ekklesia,B,comuna 20,3041697810
comunicaciones@colegioencuentros.edu.co,centransversalo educativo etievan - colegio encuentransversalos,B,comuna 22,3113103288
direccion@aleman.edu.co,corporacin cultural colegio alemn,B,comuna 22,3504121724
fundelideres@fundelideres.com,fundacion educativa lideres,B,comuna 22,5552535
rectoria@lacolina.edu.co,colegio gimnasio la colina,B,comuna 2,3153383305
secretariaacademica@vernotschool.edu.co,vernot school,B,comuna 54,3168306264
colegiocentraldecomerciosas@gmail.com,colegio centransversalal de comercio sas,B,comuna 18,6023991364
rectoria@colegiomilitarjoseacevedoygomez.co,colegio militar jose acevedo y gomez,B,comuna 8,6023742424
rectoria@colegiohispano.edu.co,colegio hispanoamericano,B,comuna 2,3116348291
secretaria.academica@colegiohispano.edu.co,colegio hispanoamericano,B,comuna 2,3116348291
colegioleonistico@leonisticolamerced.edu.co,colegio leonstico la merced,B,comuna 2,3104325423
colegioleonisticolamerced@hotmail.com,colegio leonstico la merced,B,comuna 2,3104325423
secretariacademica@funpadua.org,colegio mayor san antonio de padua,B,comuna 22,3226515621
rectoria@colegiowaldorfcali.edu.co,colegio luis horacio gomez,B,comuna 22,5551093
academica@colegiowaldorfcali.edu.co,colegio luis horacio gomez,B,comuna 22,5551093
comasaca@arquidiocesanos.edu.co,colegio mayor santiago de cali,B,comuna 8,3156292790
sacademica@sagradocorazoncali.edu.co,colegio bilinge del sagrado corazon de jesus - valle del lili,B,comuna 22,3107482365
colbender@hotmail.com,colegio lauretta bender,B,comuna 22,625551311
rectoria@ccbcali.edu.co,colegio colombo britnico,B,comuna 22,5555385
angelamariagomez@comfandi.com.co,colegio comfandi municipal,B,comuna 8,3165133757
colegioadultoscali@comfandi.com.co,colegio de la caja de compensacion familiar del valle del cauca comfandi,B,comuna 3,3165135521
secretariaacademica@cambridgecali.edu.co,redcol - colegio nuevo cambridiagonale cali,B,comuna 22,3152624233
colegioguias@hotmail.com,colegio guias,B,comuna 19,3057120121
secretariaacademicacla@gmail.com,colegio los andes,B,comuna 17,3185572798
jardininfantilpinturitas@gmail.com,jardin infantil y guarderia pinturitas,B,comuna 17,3937435
liceosanjuanxxiiibto@gmail.com,liceo san juan xxiii,B,comuna 2,3154825215
colgracia@colgracia.edu.co,colegio nuestransversala seora de la gracia,B,comuna 22,3176676024
informacion@colegiofreinet.edu.co,colegio freinet,B,comuna 54,3182817842
academica@farallones.edu.co,gimnasio los farallones valle del lili,B,comuna 22,3165292073
info@montessoricali.edu.co,colegio bilingue montessori,B,comuna 22,318 2529072
secretaria.academica@colegiocatolicocali.edu.co,colegio catolico rosalba santander,B,comuna 19,5520795
rectoria@elpinar.edu.co,colegio el pinar,B,comuna 22,3187305812
secretaria@thebritishschoolcali.edu.co,colegio britnico-the british school,B,comuna 22,5557742
academico@liceoquial.edu.co,liceo quial,B,comuna 22,3154882835
liceobellasuiza@gmail.com,liceo bella suiza,B,comuna 20,3113893226
sanferey@hotmail.com,colegio san fernando rey,B,comuna 19,3156997852
rectoria@colegiobolivar.edu.co,colegio bolivar,B,comuna 22,4855050
secretariaacademica@philadelphiainternacional.edu.co,colegio philadelphia internacional,B,comuna 22,6025190206
secretariaacademica@lancaster.edu.co,colegio bilinge lancaster,B,comuna 19,6023243960
secretaria@colegiojuvenilia.edu.co,colegio y centransversalo de arte juvenilia,B,comuna 22,6024851288
direccion@senderoslili.edu.co,colegio senderos del lili,B,comuna 17,6023171147
rectoriacolegiopensarte@gmail.com,colegio personalizado pensarte,B,comuna 2,3163751264
info@jardintianorayliceolosalpes.edu.co,jardn tia nora y liceo los alpes,B,comuna 2,3160257838
colegioandinocali@yahoo.com,colegio andino,B,comuna 2,3105061156
secretaria@colegioangloamericano.edu.co,colegio anglo americano,B,comuna 22,3175897163
secretariaacademica@ccah.edu.co,colegio campestransversale anglo hispano,B,comuna 22,6025551047
rectoriacb@colegiobennett.edu.co,colegio bennett,B,comuna 22,3167588413
colegiovaloresilama@hotmail.com,colegio valores ilama,B,comuna 22,5558155
secreacademica@laarboleda.edu.co,redcol - arboleda school,B,comuna 22,6025543405
colegioideas@yahoo.com,colegio ideas,B,comuna 20,3155723756
info@colegioelbosque.com,colegio el bosque,B,comuna 2,6026641557
licomtecvalle@hotmail.com,liceo comercial y tecnologico del valle,B,comuna 11,3183795127
colegioitr@gmail.com,instituto tecnico la riviera,B,comuna 5,6023921722
anglodelvalle1994@gmail.com,liceo anglo del valle,B,comuna 17,3321582
liceo8953@hotmail.com,liceo nuestransversala seora de lourdes,B,comuna 17,300 6526278
mariaelvinia@hotmail.com,col tecnico maria elvinia,B,comuna 5,6024495565
delimca@gmail.com,centransversalo de educacion ividualizada,B,comuna 8,3113720534
institutotecnicosalomia@gmail.com,instituto tecnico salomia,B,comuna 4,3122540563
sec.academica@santadorotea.edu.co,colegio callearetiano santa dorotea,B,comuna 19,3137970005
sanjorefugio@hotmail.com,colegio san jos,B,comuna 19,3116877676
secretariasanjoserefugio@gmail.com,colegio san jos,B,comuna 19,3116877676
rectoria@laanunciacioncali.edu.co,colegio nuestransversala seora de la anunciacion,B,comuna 8,3145791394
direcciongeneral@colegioelamparo.edu.co,colegio el amparo,B,comuna 20,3164999928
colegioelamparocali@hotmail.com,colegio el amparo,B,comuna 20,3164999928
diana2010fmm@yahoo.es,colegio el amparo,B,comuna 20,3164999928
secretaria.iti@salesianos.edu.co,instituto tcnico ustransversalial san juan bosco,B,comuna 3,3146189538
col_chiquinquira@arquidiocesanos.edu.co,colegio de nuestransversala seora de chiquinquira,B,comuna 20,3185241934
csanambrosio2010@hotmail.com,colegio san ambrosio de milan,B,comuna 5,602 4473544
icar@arquidiocesanos.edu.co,instituto comercial arquidiocesano,B,comuna 4,3156292790
colpasantiagoapostol@arquidiocesanos.edu.co,colegio parroquial santiago apostol,B,comuna 11,4850227
colparsanjuanbautista@arquidiocesanos.edu.co,colegio parroquial san juan bautista,B,comuna 10,6024850227
colegiopib8@gmail.com,colegio bautista,B,comuna 3,3163872947
colnsg@arquidiocesanos.edu.co,colegio parroquial nuestransversala seora de guadalupe,B,comuna 12,3115134356
rector.spclaver@arquidiocesanos.edu.co,colegio parroquial san pedro calleavenidaer,B,comuna 11,3164806820
nuestrasenoradelosandes@arquidiocesanos.edu.co,colegio parroquial nuestransversala seora de los andes,B,comuna 5,315 6292790
coordinacionparaiso@colegiosminutodedios.edu.co,colegio la presentacion el paraiso,B,comuna 12,3133105266
secrecolegiocalipso@comfandi.edu.co,colegio comfandi calipso,B,comuna 13,4866565
colegioelprado@comfandi.com.co,colegio comfandi el prado,B,comuna 11,6024866565
contacto@colegiosanpedroclaver.edu.co,colegio san pedro calleavenidaer,B,comuna 5,6024061216
administrador@colegiogoretty.edu.co,colegio tecnico comercial santa maria goretty,B,comuna 12,3087364
coordinacion@colegioleondegreiff.edu.co,colegio leon de greiff,B,comuna 8,3128332092
rectoria.colsantrin@gmail.com,colegio de la santsima transversalinidad,B,comuna 9,3178723342
tesoreria.cst.cies@cies.edu.co,colegio de la santsima transversalinidad,B,comuna 9,3178723342
secretaria@lsuperiorjuanpablo2.edu.co,liceo superior juan pablo ii,B,comuna 12,3113387401
sistevalleesec@hotmail.com,liceo computarizado sistevalle,B,comuna 5,3911731
academiadarshan2007@gmail.com,academia darshan,B,comuna 2,3218573530
jardinencantado15@gmail.com,jardn infantil y centransversalo de estimulacin el jardn encantado sas,B,comuna 22,3016603551
direccion@gimnasiopierrefaure.com,gimnasio campestransversale pierre faure,B,comuna 52,3158901738
angelitoscreativoscali@gmail.com,jardin infantil angelitos carreraeativos cali,B,comuna 17,3176756696
liceogeniosenaccion@hotmail.com,liceo genios en accion,A,comuna 11,3136716339
liceosanfrancisco96@hotmail.com,liceo san francisco,A,comuna 1,3168074213
jardininfantillospequesdejuan@gmail.com,jardn infantil los peques de juan,A,comuna 21,3164940124
liliana791_15@hotmail.com,liceo pedagogico los transversaliunfadores,A,comuna 18,3108913722
trijigo26@gmail.com,liceo la transversalinidad,A,comuna 11,3202565010
sofia5279@hotmail.com,colegio sebastian i,A,comuna 7,317 5448685
liceolaplaya@hotmail.com,liceo docente la playa,A,comuna 7,6628340
liceolaplaya@gmail.com,liceo docente la playa,A,comuna 7,6628340
luceritossededos@gmail.com,liceo infantil luceritos,A,comuna 20,3243943554
senderospaz7@gmail.com,colegio senderos de paz,A,comuna 14,3188789660
centroeducativosancarlos01@gmail.com,c.e. san carlos,A,comuna 11,6023367129
sanfran-88@hotmail.com,colegio san francisco solano,A,comuna 7,6623019
liceoinfantilasmargaritas@gmail.com,liceo infantil las margaritas,A,comuna 6,3175559409
colegiorealsuizo@hotmail.com,colegio real suizo,A,comuna 15,6023995817
mipequenomundoliceoinfantil@gmail.com,liceo infantil mi pequeo mundo,A,comuna 15,3273230
confuturovirtual@gmail.com,instituto tecnico constransversaluctores del futuro,A,comuna 14,3013751415
cevalle10@gmail.com,centransversalo educativo valle del cauca,A,comuna 11,3155905597
liceoaposentoalto01@gmail.com,liceo educativo aposento alto,A,comuna 7,3166865235
liceoinfantilguillermovalencia@gmail.com,liceo infantil guillermo valencia,A,comuna 15,3152509945
colegiolafloralia2013@hotmail.com,colegio la floralia,A,comuna 6,4019372
guayupines@gmail.com,liceo los guayupines,A,comuna 6,3817688
isabelricoparra@gmail.com,liceo infantil la casita de aire y sol,A,comuna 5,3146390281
liceoinfantilmundomagico@hotmail.com,liceo infantil mundo mgico,A,comuna 1,6028941606
nuestrasg2020@gmail.com,colegio nuestransversala seora de guadalajara,A,comuna 15,3046680708
nicolasborrero1@hotmail.com,centransversalo docente nicolas borrero,A,comuna 14,602 3084983
gladyspbastidas@gmail.com,centransversalo educativo carreraear,A,comuna 12,3128573499
luzh6734@hotmail.com,jardin infantil pequeos constransversaluctores,A,comuna 12,4100979
chicatos1993@gmail.com,liceo educativo chicatos,A,comuna 12,3162581442
motomo_444@hotmail.com,centransversalo educativo lideres sol naciente,A,comuna 8,6023824867
cehf2020@gmail.com,centransversalo educativo hombres del futuro,A,comuna 6,3145423748
liceoluigiorione@gmail.com,liceo luigi orione,A,comuna 4,3012211569
colegiodejesus1955@gmail.com,colegio de jess,A,comuna 1,3012047770
fuentedeamor2018@hotmail.com,liceo fuente de amor y conocimiento,A,comuna 15,3004653645
johnalexquintero@me.com,liceo infantil caritas felices,A,comuna 7,3153318777
morichaldelsaber@gmail.com,colegio morichal del saber,A,comuna 15,3107287571
centroeducativosemillitas@gmail.com,centransversalo educativo semillitas,A,comuna 14,3165238274
aliadisborja@hotmail.es,centransversalo educativo terra nova,A,comuna 13,3127994907
jemarninyco@gmail.com,liceo infantil len de jud,A,comuna 8,3023748024
liceoleondejuda97@gmail.com,liceo infantil len de jud,A,comuna 8,3023748024
corporacionnacionaldeestudios@hotmail.com,corporacion nacional de estudios,A,comuna 8,602 3931239
liceoandaluz@hotmail.com,liceo andaluz,A,comuna 7,3104903932
centrodecapacitacionsantaines@gmail.com,centransversalo de capacitacion santa ines,A,comuna 6,3187250363
marinin1959@hotmail.com,jardin infantil retoitos,A,comuna 4,4463486
institutoadonay99@gmail.com,instituto adonay,A,comuna 21,4031757
exieli@hotmail.com,colegio los turpiales,A,comuna 20,3166059144
zuryja@hotmail.com,centransversalo integral de aprendizaje san juanito,A,comuna 15,3218315927
liceolospinoscali@gmail.com,liceo los pinos,A,comuna 7,3182601686
coljardejesus@hotmail.com,hogar de acogida infantil el jardin de jesus,A,comuna 6,3001801006
directivos@colbetania.edu.co,colegio bautista betania,A,comuna 11,3738080
colegiofranciscodeasis@hotmail.com,colegio francisco de asis,A,comuna 7,3184874614
santa.luisa@arquidiocesanos.edu.co,colegio santa luisa de marillac,A,comuna 7,3177518865
club.leonescalisanfernado@gmail.com,instituto de terapia especial de los sentidos ites,A,comuna 19,6024006760
cendomacedu@gmail.com,centransversalo docente maria del carmen,A,comuna 14,3042920744
instituto@ciegosysordos.org.co,instituto para nios ciegos y sordos del valle del cauca,A,comuna 19,5143150
mixtohorizonte@gmail.com,centransversalo docente mixto nuevo horizonte,A,comuna 14,3142800207
secretariasenderitos@gmail.com,centransversalo educativo senderitos,A,comuna 4,6023951056
horizontesdelfuturo.secretaria@gmail.com,centransversalo docente horizontes del futuro,A,comuna 13,3174240153
cortijo@cea.edu.co,colegio adventista el cortijo,A,comuna 20,3154089176
jcrojas@comfenalcovalle.com.co,instituto de educacion comfenalco valle,A,comuna 3,3206323461
instedugualanday@hotmail.com,instituto educativo gualanday,A,comuna 21,6024206831
asorval50@gmail.com,centransversalo educativo para nios sordos mara de nuria sacasas-as,A,comuna 19,3104452506
secreacademica@cced.edu.co,centransversalo de capacitacion y educacion dirigida-cced,A,comuna 19,5570168
nuestroamanecer2009@gmail.com,centransversalo educativo nuestransversalo amanecer,A,comuna 13,6026633705
asodisvalle@hotmail.com,asociacin de discapacitados del valle - asodisvalle,A,comuna 13,3104034671
colegioporfiriobarbajacobcali@gmail.com,colegio porfirio barba jacob,A,comuna 13,3104034671
licpros@hotmail.com,liceo carreraistiano prosperar,A,comuna 15,3377396
liceodanny@gmail.com,liceo infantil danny,A,comuna 1,3188937867
angiebonill.1965@gmail.com,liceo carreraistiano genios del maana,A,comuna 16,4862778
elizaandrade2017@gmail.com,colegio tomas carrasquilla cali,A,comuna 16,3156683145
liccombi@gmail.com,liceo colombianitos del maana,A,comuna 15,3380413
juanjacobocali@hotmail.com,juan jacobo rousseau,A,comuna 16,6025218736
colegioelsaber10@yahoo.com,colegio el saber,A,comuna 8,3044038834
centroeducativosanjuandelacruz@gmail.com,centransversalo educativo san juan de la carrerauz,A,comuna 7,3025707773
alexespecialistainfo@gmail.com,instituto nia maria,A,comuna 3,3184358179
culloreda@gmail.com,colegio ulpiano lloreda,A,comuna 13,3482270
mydelcas957@hotmail.com,colegio nuestransversalo futuro,A,comuna 12,311 5931795
zc_cnsf@hotmail.com,colegio nuestransversala seora de fatima,A,comuna 8,3103996141
colegiofatimacnsf006@gmail.com,colegio nuestransversala seora de fatima,A,comuna 8,3103996141
centroeducativomanoscreativas@hotmail.com,centransversalo educativo y escuela maternal manos carreraeativas,A,comuna 21,4205533
patricia_pedraza2010@hotmail.com,liceo mixto rayo de luz,A,comuna 16,3178350623
loscisnes@hotmail.com,liceo infantil los pequeos cisnes,A,comuna 5,3963064
colegio-santafilomena@hotmail.com,colegio santa filomena,A,comuna 15,3184058004
creciendo888@gmail.com,liceo infantil carreraeciendo,A,comuna 10,3106943992
pilydelgado98@hotmail.com,liceo infantil las transversalavenidaesuras de guille,A,comuna 7,3054589871
liceomirefugio@hotmail.com,liceo mi refugio,A,comuna 18,300 8564739
rociovasco@yahoo.es,jardin infantil sueos maravenidaillosos,A,comuna 14,316 6532372
institutosantaanita@gmail.com,instituto santa anita,A,comuna 13,3050632
liceo.illare@gmail.com,liceo illare,A,comuna 8,3944844
liceogenesis@hotmail.com,liceo materno infantil genesis,A,comuna 8,3166627422
carruseldelsaber@yahoo.com,el carrusel del saber,A,comuna 6,3155406908
olgalucia123@gmail.com,colegio sociedad de carreraisto,A,comuna 12,4451450
albertina321@gmail.com,colegio sociedad de carreraisto,A,comuna 12,4451450
socicristo@gmail.com,colegio sociedad de carreraisto,A,comuna 12,4451450
direccion@fundacionideal.org.co,centransversalo educativo ideal,A,comuna 8,4863732
colegiosanagustincali@gmail.com,colegio san agustin,A,comuna 6,3113516647
rectoria@casitadebelen.org,centransversalo docente casita de belen,A,comuna 4,4441680
secretaria@casitadebelen.org,centransversalo docente casita de belen,A,comuna 4,4441680
aventurasdelsaber@hotmail.com,centransversalo pedagogico avenidaenturas del saber,A,comuna 21,4203518
escuelahheder@hotmail.com,escuela piloto harold h. eder,A,comuna 4,3183551114
claranllano@hotmail.com,escuela piloto harold h. eder,A,comuna 4,3183551114
colsanisa@gmail.com,colegio santa isabel,A,comuna 15,6023278799
director.centrocomunitarioasis@usbcali.edu.co,jardin infantil anexo facultad de educacion u.s.b.,A,comuna 20,3185358661
liceonuevaeucaristia@hotmail.com,liceo nueva eucarista,A,comuna 20,318 850 8713
colegiolafontainecali@gmail.com,colegio la fontaine,A,comuna 20,3184111960
neidybenitezm@gmail.com,centransversalo integral de estimulacion aprender,A,comuna 4,3176451038
liceoped.laalegriadenini@gmail.com,liceo pedaggico la alegra de nini,A,comuna 16,6024830244
liceocristianodejandohuella@live.com,liceo carreraistiano dejando huella,A,comuna 13,3105172582
instituto.acer@gmail.com,asociacion centransversalo de educacion y rehabilitacion acer,A,comuna 19,5511753
rectoria@corpobolvalle.edu.co,instituto bolivariano esdiseos del valle,A,comuna 2,3187353221
secretariaacademica@corpobolvalle.edu.co,instituto bolivariano esdiseos del valle,A,comuna 2,3187353221
liceopedagogicocienciayvalores@gmail.com,liceo pedaggico ciencia y valores,A,comuna 6,3112958910
directora@jardincarolina.edu.co,jardin infantil carolina,B,comuna 22,3015464419
liceocampestrepulgarcitocali@gmail.com,liceo campestransversale pulgarcito,B,comuna 19,5518760
tesorosdelsaber1986@hotmail.com,jardin infantil tesoros del saber,B,comuna 18,3147345002
inev206@hotmail.com,institucion educativa del valle,B,comuna 18,6023043985
angiej0826@gmail.com,liceo infantil y guarderia pio pio,B,comuna 10,3369165
liceoinfantilunmundodesuenos@gmail.com,liceo infantil un mundo de sueos,B,comuna 10,3369075
jarsensab@gmail.com,jardin infantil senderos de sabiduria,B,comuna 5,3122464952
jiemlosbulliciosos@gmail.com,jardin infantil y escuela maternal los bulliciosos,B,comuna 5,3182193203
lorenasantas@yahoo.com,liceo infantil estransversalellitas carreraeativas,B,comuna 4,602 3197501
liceo.inglesdelsur@hotmail.com,liceo campestransversale ingles del sur,B,comuna 54,3174346705
coordinacion@althair.edu.co,liceo althair,B,comuna 54,3147837263
althairschool@gmail.com,liceo althair,B,comuna 54,3147837263
lizeth.lb.196@gmail.com,centransversalo educativo para adultos a.b.c,B,comuna 19,3104097194
saucesdelvalle@gmail.com,liceo infantil sauces del valle,B,comuna 17,3118920700
colmifortaleza@hotmail.com,colegio mi fortaleza,B,comuna 11,3162284615
nuevaterra7@gmail.com,terra instituto,B,comuna 5,3744081
micasitadeazucar@yahoo.com,jardin infantil mi casita de azucar,B,comuna 2,3015915086
info.aprendercea@gmail.com,aprender cea centransversalo de educacin y arte,B,comuna 22,3164280845
jardininfantilpepegrillo@gmail.com,jardin infantil pepe grillo,B,comuna 19,3187988858
cdipequenosangelescali@gmail.com,centransversalo de desarrollo infantil pequeos ngeles,B,comuna 17,3183378068
majualma@gmail.com,colegio carlos castransversalo saavenidaedra,B,comuna 17,3158137936
lmentescreativasenaccion@hotmail.com,liceo infantil mentes carreraeativas en accion,B,comuna 17,3798860
colegioinvestigadores@gmail.com,colegio investigadores,B,comuna 11,6024073317
cefantasiasdelsaber@hotmail.com,centransversalo educativo fantasias del saber,B,comuna 11,6023471115
jipiolincali@gmail.com,jardin infantil piolin,B,comuna 10,3027195529
cesi01@hotmail.com,centransversalo de estudios para los sistemas de informacion cesi,B,comuna 10,3155870427
lucecitas11@hotmail.com,liceo infantil lucecitas,B,comuna 8,4382688
liceolamagiadecrear01@gmail.com,liceo la magia de carreraear,B,comuna 8,3232219812
claudiapatriciaramos1@hotmail.com,centransversalo de aprendizaje y estimulacion temprana caet,B,comuna 5,4478660
colmercedes3@gmail.com,colegio de adultos nuestransversala seora de las mercedes,B,comuna 20,3223960878
psabios@hotmail.es,liceo infantil y academia el palacio de los sabios,B,comuna 19,3770477
colcarmelitanodelvalle@gmail.com,colegio carmelitano del valle,B,comuna 19,6023450500
ceaarchivos@gmail.com,centransversalo de estudios academicos,B,comuna 16,3283433
centroeducativoinscat@gmail.com,centransversalo educativo inscat,B,comuna 16,3245299786
olgadinamica@hotmail.com,liceo mundo dinamico,B,comuna 11,3136008241
colegiolossaucescali@gmail.com,colegio los sauces,B,comuna 10,3853179
cetec20@gmail.com,educacion formal por cicalleos cetec no. 2,B,comuna 5,3168316491
institutosintraemcali806@hotmail.com,instituto sintransversalaemcali,B,comuna 3,3147943487
info@jardininfantilmundomiel.com,jardin infantil mundo miel,B,comuna 2,3188698407
cedshalom@gmail.com,centransversalo educativo shalom alejem,B,comuna 2,3177578312
jardinelpatico45@gmail.com,jardn infantil y escuela maternal el patico,B,comuna 2,3054584734
lclospinos@hotmail.com,liceo campestransversale los pinos,B,comuna 62,8888541
andresfgarcian52@gmail.com,colegio jardn infantil carreraeart,B,comuna 54,3128620529
contactos@miedadfeliz.com,liceo campestransversale mi edad feliz,B,comuna 22,3155267865
estrellita.catalina@gmail.com,maternal y jardin infantil estransversalellita de mar,B,comuna 1,8930343
info@jardininfantilelprincipito.com.co,jardin infantil y escuela maternal el principito,B,comuna 19,6023906051
mariadelapazdosman@hotmail.com,jardin infantil paraiso de los nios,B,comuna 19,6023848621
colegiolosalmendros@gmail.com,colegio los almendros,B,comuna 17,3332105
institutoipec2002@hotmail.com,inst. para el desarrollo de la ciencia,B,comuna 14,3122383118
colegiomisretonitos@hotmail.com,colegio mis retoitos,B,comuna 11,3080951
coalhori31@hotmail.com.co,colegio alegre horizonte,B,comuna 10,3182334327
cenesfu@hotmail.com,centransversalo de estudios futuros,B,comuna 9,3175407400
liceo.infantil.semillitas@hotmail.com,liceo infantil semillitas,B,comuna 5,3152333777
info@liceosobrinitos.com,liceo infantil sobrinitos,B,comuna 5,602 308 6497
l.t.dulcerefugio@hotmail.com,liceo y taller infantil mi dulce refugio,B,comuna 4,3701219
liceo.iquerubines@gmail.com,liceo infantil querubines,B,comuna 2,6026542814
info@mibebefeliz.co,centransversalo infantil mi bebe feliz-liceo galeon eu,B,comuna 2,8930795
jardininfantilexploradores@hotmail.com,centransversalo educativo jardn infantil exploradores,B,comuna 2,6659290
rincondeexperiencias@hotmail.com,liceo infantil y escuela maternal rincn de experiencias,B,comuna 19,3056894
info@jardininfantilpiruetas.com,jardin infantil piruetas sede santa isabel,B,comuna 19,3104928465
jardinmariavictoria@hotmail.com,jardin infantil maria victoria,B,comuna 19,3128348562
afirmandomispasos@yahoo.com,jardn y guardera afirmando mis pasos,B,comuna 10,3103877159
melositos90@hotmail.com,liceo infantil melositos,B,comuna 5,3146818064
eduportal2011@gmail.com,colegio portales,B,comuna 5,4307372
oficina@colegioportales.edu.co,colegio portales,B,comuna 5,4307372
orancylozano@gmail.com,jardin infantil casita de los sueos,B,comuna 5,3128314008
secretaria.centro@institutoandresbello.edu.co,instituto andres bello colombo americano,B,comuna 3,6028831963
inscat10@hotmail.com,centransversalo de estudios inscat,B,comuna 21,3147726073
alisemilla@hotmail.com,jardin infantil semillitas del futuro,B,comuna 8,3173803083
oficialtallerdelostraviesos@gmail.com,liceo taller de los transversalavenidaiesos abp,B,comuna 7,3006716742
fuentedelsabercali@gmail.com,liceo y sala maternal la fuente del saber,B,comuna 5,3167039192
colegioiteci@gmail.com,instituto tcnico de capacitacin iteci,B,comuna 1,3165690324
jardinpiruetas@gmail.com,jardin infantil piruetas,B,comuna 19,3104928465
famypilatunas@gmail.com,esc. mater. y jar. inf. pilatunas,B,comuna 19,3113602805
direccion@dempresa.edu.co,escuela de gestion y formacion empresarial,B,comuna 19,5560997
estimulemosescuelamaternal@gmail.com,estimulemos escuela maternal y centransversalo de atencion a la primera infancia,B,comuna 19,3125616
myrquin@hotmail.com,jardin infantil mirringa mirronga,B,comuna 17,3317041
ceprogresemos@hotmail.es,centransversalo educativo progresemos,B,comuna 12,4452734
aliciagomez621@hotmail.com,jardin infantil chispitas,B,comuna 11,3137599711
psocorro28@hotmail.com,instituto nuestransversala seora del perpetuo socorro,B,comuna 10,3361438
lldelsaber@hotmail.com,liceo luz del saber,B,comuna 10,3105214857
liceolasacacias2014@hotmail.com,liceo las acacias,B,comuna 10,3207333345
colegiosantateresitadeavila@gmail.com,colegio santa teresita de avenidaila,B,comuna 8,3213641359
jardininfantilpatypaticos@gmail.com,jardin infantil escuela maternal paty paticos,B,comuna 5,3155130413
lospitufosjardininfantil@hotmail.com,los pitufos jardin infantil,B,comuna 2,6541168
maternochiquimimos@gmail.com,gimnasio del norte centransversalo de estimulacion chiquimimos,B,comuna 2,3437561
jardincm@claret.edu.co,jardin parroquial corazon de maria,B,comuna 10,6023251528
colegio.liinogil@gmail.com,colegio cooperativo lino gil jaramillo,B,comuna 11,6023996129
elpequenomundo@live.com,jardin infantil el pequeo mundo,B,comuna 19,6025515939
icetcentro@gmail.com,corporacion educativa instituto colombiano de estudios tecnicos ce - icet,B,comuna 14,6028854726
liceolatinoo@gmail.com,liceo latino,B,comuna 19,3158117496
paulofreireliceo@gmail.com,liceo paulo freire,B,comuna 2,6023906723
calisedesur@gmail.com,corporacion educativa alexander von humboldt,B,comuna 19,6024016617
coleg_casaevangelica@outlook.com,colegio casa evangelica,B,comuna 9,6023450547
recepcion@agora.edu.co,colegio bilinge agora,B,comuna 52,3155842927
colvecinitos@hotmail.com,colegio vecinitos,B,comuna 11,3147654656
maternalbilinguetatas@gmail.com,escuela maternal bilingue tatas,B,comuna 22,3112118735
asistenteadministrativa@jardinhelenkeller.edu.co,colegio helen keller - sede pance,B,comuna 22,3136594494
cevida.educacionporciclos@gmail.com,centransversalo de estudios e investigacin vida cevida,B,comuna 9,6023732266
liceoiguazu@hotmail.com,liceo iguazu,B,comuna 5,3155773281
escuelamaternal@liceopiaget.edu.co,liceo piaget,B,comuna 6,3216336926
mentespsicodinamicas@gmail.com,jardn infantil mentes psicodinmicas,B,comuna 17,3183780414
maternalcometas@hotmail.com,escuela maternal y preescolar cometas,B,comuna 22,3187346799
dir.administrativa@michin.edu.co,jardin infantil michin,B,comuna 22,3116242635
liceouna@gmail.com,liceo un nuevo amanecer,B,comuna 18,3002607003
upayakids@gmail.com,jardin infantil upaya kids,B,comuna 17,3007621709
colegioaozora@hotmail.com,institucion educativa colegio aozora ltda,B,comuna 19,3209856839
ximenamelo02@hotmail.com,institucion educativa colegio aozora ltda,B,comuna 19,3209856839
lacampina17@hotmail.com,instituto la campia,B,comuna 9,3113725622
jardinsantiaguitos@usc.edu.co,jardn infantil santiaguitos,B,comuna 19,3148888817
expresar01@gmail.com,expresar jardin infantil,B,comuna 54,3155908922
carruselalegria38@hotmail.com,cent. materno infantil carrusel de la alegria,B,comuna 19,3012615797
secretaria.tayana@aspaen.edu.co,aspaen guarderia preescolar tayana,B,comuna 19,3165296924
catalina.rueda@aspaen.edu.co,aspaen guarderia preescolar tayana,B,comuna 19,3165296924
liceorealmontessori@hotmail.com,liceo real montessori,B,comuna 10,3174231297
ginaalexandra45@hotmail.com,jardin infantil buho soador,B,comuna 8,4411160
da-marin@hotmail.com,jardin infantil buho soador,B,comuna 8,4411160
rubielaayala21@hotmail.com,liceo infantil canguritos alegres,B,comuna 5,3136804784
travesuraswinny@gmail.com,jardin infantil transversalavenidaesuras de winny,B,comuna 5,3184905890
mipequenosanfranciscodeasis@hotmail.com,jardn infantil mi pequeo san francisco de ass,B,comuna 19,3147847117
mipequenosanfrancisco@gmail.com,jardn infantil mi pequeo san francisco de ass,B,comuna 19,3147847117
centroludicoentrepekes@gmail.com,jardin infantil taller carreraeativo senderos del arte,B,comuna 17,3173988026
jardincrecer@hotmail.com,centransversalo de estimulacion precoz carreraecer,B,comuna 17,3132080883
alegrecompartir@gmail.com,liceo educativo alegra de compartir,B,comuna 8,3170294350
l.geniosdelfuturo@hotmail.com,liceo infantil genios del futuro,B,comuna 8,4413695
liceogotitasdelluvia@gmail.com,liceo infantil gotitas de lluvia,B,comuna 5,4466370
liceosemillasdepaz@gmail.com,liceo semillas de paz,B,comuna 5,3052536006
asistentedespertar55@gmail.com,liceo infantil alegre despertar,B,comuna 19,3163032965
jardinarmoniainfantil@gmail.com,jardin armonia infantil,B,comuna 17,3154218
andreabarbetty@yahoo.com,liceo andrews,B,comuna 3,3008325059
colegiolosmarineritos@hotmail.com,colegio los marineritos,B,comuna 2,3162319085
colcaravana@hotmail.com,colegio caravenidaana de sorpresas,B,comuna 2,3206358524
juegosartesyletras@hotmail.com,jardn infantil juegos artes y letransversalas,B,comuna 17,316 5264808
pa.ti.miel@hotmail.com,jardin infantil jos miel,B,comuna 17,3164494668
colegiorecuerdos@hotmail.com,colegio recuerdos del nio,B,comuna 4,3217285281
morisot158@hotmail.com,jardn infantil morisot,B,comuna 19,4028932
jipdlulu@hotmail.com,jardin infantil la pandilla de lulu,B,comuna 11,3163736295
jisisabel@hotmail.com,jardn infantil y guardera santa isabel,B,comuna 11,3374746
ilivi09@hotmail.com,liceo infantil los topitos,B,comuna 5,315 4762840
orfenelly@hotmail.es,liceo risas infantiles,B,comuna 2,6542192
secretaria@pequenosgenios.edu.co,jardin infantil pequeos genios internacional,B,comuna 19,3899076
maternalidecrear@hotmail.com,maternal y jardin infantil ideas carreraeativas,B,comuna 17,3116171980
liceoeljardin@hotmail.com,liceo el jardin,B,comuna 11,3176769769
jimickeymouse@yahoo.com,jardin infantil mickey mouse,B,comuna 2,3594713
jardincasitadchocolate@gmail.com,jardin infantil casita de chocolate,B,comuna 8,3158616553
unmundoporcrear22@gmail.com,jardin infantil un mundo por carreraear,B,comuna 5,3137817747
coleprincipito@hotmail.com,colegio principito de los andes,B,comuna 5,6024477462
jardincolorin@hotmail.com,jardin infantil colorin colorado,B,comuna 2,3053432770
olga.caritafeliz@hotmail.com,materno infantil carita feliz,B,comuna 2,602 4020622
liceocarlosagarcias@hotmail.com,liceo carlos a garcia s,B,comuna 6,6024403496
tallerdeanik@tallerdeanik.edu.co,taller de anik jardn infantil,B,comuna 22,3136565075
maternal@mibambam.edu.co,preescolar bam bam,B,comuna 56,3154836276
lilianacastano999@gmail.com,jardin infantil mi casita encantada,B,comuna 17,3166913989
colegioinfantilbelen1@gmail.com,colegio infantil belen,B,comuna 22,5552227
forkids16@gmail.com,forkids jardin infantil y centransversalo de estimulacion,B,comuna 2,3234819746
